UserID,PlainPassword
1,userpass1
2,userpass2
3,userpass3
4,userpass4
5,userpass5
6,userpass6
7,userpass7
8,userpass8
9,userpass9
10,userpass10
11,userpass11
12,userpass12
13,userpass13
14,userpass14
15,userpass15
16,userpass16
17,userpass17
18,userpass18
19,userpass19
20,userpass20
21,userpass21
22,userpass22
23,userpass23
24,userpass24
25,userpass25
26,userpass26
27,userpass27
28,userpass28
29,userpass29
30,userpass30
31,userpass31
32,userpass32
33,userpass33
34,userpass34
35,userpass35
36,userpass36
37,userpass37
38,userpass38
39,userpass39
40,userpass40
41,userpass41
42,userpass42
43,userpass43
44,userpass44
45,userpass45
46,userpass46
47,userpass47
48,userpass48
49,userpass49
50,userpass50
51,userpass51
52,userpass52
53,userpass53
54,userpass54
55,userpass55
56,userpass56
57,userpass57
58,userpass58
59,userpass59
60,userpass60
61,userpass61
62,userpass62
63,userpass63
64,userpass64
65,userpass65
66,userpass66
67,userpass67
68,userpass68
69,userpass69
70,userpass70
71,userpass71
72,userpass72
73,userpass73
74,userpass74
75,userpass75
76,userpass76
77,userpass77
78,userpass78
79,userpass79
80,userpass80
81,userpass81
82,userpass82
83,userpass83
84,userpass84
85,userpass85
86,userpass86
87,userpass87
88,userpass88
89,userpass89
90,userpass90
91,userpass91
92,userpass92
93,userpass93
94,userpass94
95,userpass95
96,userpass96
97,userpass97
98,userpass98
99,userpass99
100,userpass100
101,userpass101
102,userpass102
103,userpass103
104,userpass104
105,userpass105
106,userpass106
107,userpass107
108,userpass108
109,userpass109
110,userpass110
111,userpass111
112,userpass112
113,userpass113
114,userpass114
115,userpass115
116,userpass116
117,userpass117
118,userpass118
119,userpass119
120,userpass120
121,userpass121
122,userpass122
123,userpass123
124,userpass124
125,userpass125
126,userpass126
127,userpass127
128,userpass128
129,userpass129
130,userpass130
131,userpass131
132,userpass132
133,userpass133
134,userpass134
135,userpass135
136,userpass136
137,userpass137
138,userpass138
139,userpass139
140,userpass140
141,userpass141
142,userpass142
143,userpass143
144,userpass144
145,userpass145
146,userpass146
147,userpass147
148,userpass148
149,userpass149
150,userpass150
151,userpass151
152,userpass152
153,userpass153
154,userpass154
155,userpass155
156,userpass156
157,userpass157
158,userpass158
159,userpass159
160,userpass160
161,userpass161
162,userpass162
163,userpass163
164,userpass164
165,userpass165
166,userpass166
167,userpass167
168,userpass168
169,userpass169
170,userpass170
171,userpass171
172,userpass172
173,userpass173
174,userpass174
175,userpass175
176,userpass176
177,userpass177
178,userpass178
179,userpass179
180,userpass180
181,userpass181
182,userpass182
183,userpass183
184,userpass184
185,userpass185
186,userpass186
187,userpass187
188,userpass188
189,userpass189
190,userpass190
191,userpass191
192,userpass192
193,userpass193
194,userpass194
195,userpass195
196,userpass196
197,userpass197
198,userpass198
199,userpass199
200,userpass200
201,userpass201
202,userpass202
203,userpass203
204,userpass204
205,userpass205
206,userpass206
207,userpass207
208,userpass208
209,userpass209
210,userpass210
211,userpass211
212,userpass212
213,userpass213
214,userpass214
215,userpass215
216,userpass216
217,userpass217
218,userpass218
219,userpass219
220,userpass220
221,userpass221
222,userpass222
223,userpass223
224,userpass224
225,userpass225
226,userpass226
227,userpass227
228,userpass228
229,userpass229
230,userpass230
231,userpass231
232,userpass232
233,userpass233
234,userpass234
235,userpass235
236,userpass236
237,userpass237
238,userpass238
239,userpass239
240,userpass240
241,userpass241
242,userpass242
243,userpass243
244,userpass244
245,userpass245
246,userpass246
247,userpass247
248,userpass248
249,userpass249
250,userpass250
251,userpass251
252,userpass252
253,userpass253
254,userpass254
255,userpass255
256,userpass256
257,userpass257
258,userpass258
259,userpass259
260,userpass260
261,userpass261
262,userpass262
263,userpass263
264,userpass264
265,userpass265
266,userpass266
267,userpass267
268,userpass268
269,userpass269
270,userpass270
271,userpass271
272,userpass272
273,userpass273
274,userpass274
275,userpass275
276,userpass276
277,userpass277
278,userpass278
279,userpass279
280,userpass280
281,userpass281
282,userpass282
283,userpass283
284,userpass284
285,userpass285
286,userpass286
287,userpass287
288,userpass288
289,userpass289
290,userpass290
291,userpass291
292,userpass292
293,userpass293
294,userpass294
295,userpass295
296,userpass296
297,userpass297
298,userpass298
299,userpass299
300,userpass300
301,userpass301
302,userpass302
303,userpass303
304,userpass304
305,userpass305
306,userpass306
307,userpass307
308,userpass308
309,userpass309
310,userpass310
311,userpass311
312,userpass312
313,userpass313
314,userpass314
315,userpass315
316,userpass316
317,userpass317
318,userpass318
319,userpass319
320,userpass320
321,userpass321
322,userpass322
323,userpass323
324,userpass324
325,userpass325
326,userpass326
327,userpass327
328,userpass328
329,userpass329
330,userpass330
331,userpass331
332,userpass332
333,userpass333
334,userpass334
335,userpass335
336,userpass336
337,userpass337
338,userpass338
339,userpass339
340,userpass340
341,userpass341
342,userpass342
343,userpass343
344,userpass344
345,userpass345
346,userpass346
347,userpass347
348,userpass348
349,userpass349
350,userpass350
351,userpass351
352,userpass352
353,userpass353
354,userpass354
355,userpass355
356,userpass356
357,userpass357
358,userpass358
359,userpass359
360,userpass360
361,userpass361
362,userpass362
363,userpass363
364,userpass364
365,userpass365
366,userpass366
367,userpass367
368,userpass368
369,userpass369
370,userpass370
371,userpass371
372,userpass372
373,userpass373
374,userpass374
375,userpass375
376,userpass376
377,userpass377
378,userpass378
379,userpass379
380,userpass380
381,userpass381
382,userpass382
383,userpass383
384,userpass384
385,userpass385
386,userpass386
387,userpass387
388,userpass388
389,userpass389
390,userpass390
391,userpass391
392,userpass392
393,userpass393
394,userpass394
395,userpass395
396,userpass396
397,userpass397
398,userpass398
399,userpass399
400,userpass400
401,userpass401
402,userpass402
403,userpass403
404,userpass404
405,userpass405
406,userpass406
407,userpass407
408,userpass408
409,userpass409
410,userpass410
411,userpass411
412,userpass412
413,userpass413
414,userpass414
415,userpass415
416,userpass416
417,userpass417
418,userpass418
419,userpass419
420,userpass420
421,userpass421
422,userpass422
423,userpass423
424,userpass424
425,userpass425
426,userpass426
427,userpass427
428,userpass428
429,userpass429
430,userpass430
431,userpass431
432,userpass432
433,userpass433
434,userpass434
435,userpass435
436,userpass436
437,userpass437
438,userpass438
439,userpass439
440,userpass440
441,userpass441
442,userpass442
443,userpass443
444,userpass444
445,userpass445
446,userpass446
447,userpass447
448,userpass448
449,userpass449
450,userpass450
451,userpass451
452,userpass452
453,userpass453
454,userpass454
455,userpass455
456,userpass456
457,userpass457
458,userpass458
459,userpass459
460,userpass460
461,userpass461
462,userpass462
463,userpass463
464,userpass464
465,userpass465
466,userpass466
467,userpass467
468,userpass468
469,userpass469
470,userpass470
471,userpass471
472,userpass472
473,userpass473
474,userpass474
475,userpass475
476,userpass476
477,userpass477
478,userpass478
479,userpass479
480,userpass480
481,userpass481
482,userpass482
483,userpass483
484,userpass484
485,userpass485
486,userpass486
487,userpass487
488,userpass488
489,userpass489
490,userpass490
491,userpass491
492,userpass492
493,userpass493
494,userpass494
495,userpass495
496,userpass496
497,userpass497
498,userpass498
499,userpass499
500,userpass500
501,userpass501
502,userpass502
503,userpass503
504,userpass504
505,userpass505
506,userpass506
507,userpass507
508,userpass508
509,userpass509
510,userpass510
511,userpass511
512,userpass512
513,userpass513
514,userpass514
515,userpass515
516,userpass516
517,userpass517
518,userpass518
519,userpass519
520,userpass520
521,userpass521
522,userpass522
523,userpass523
524,userpass524
525,userpass525
526,userpass526
527,userpass527
528,userpass528
529,userpass529
530,userpass530
531,userpass531
532,userpass532
533,userpass533
534,userpass534
535,userpass535
536,userpass536
537,userpass537
538,userpass538
539,userpass539
540,userpass540
541,userpass541
542,userpass542
543,userpass543
544,userpass544
545,userpass545
546,userpass546
547,userpass547
548,userpass548
549,userpass549
550,userpass550
551,userpass551
552,userpass552
553,userpass553
554,userpass554
555,userpass555
556,userpass556
557,userpass557
558,userpass558
559,userpass559
560,userpass560
561,userpass561
562,userpass562
563,userpass563
564,userpass564
565,userpass565
566,userpass566
567,userpass567
568,userpass568
569,userpass569
570,userpass570
571,userpass571
572,userpass572
573,userpass573
574,userpass574
575,userpass575
576,userpass576
577,userpass577
578,userpass578
579,userpass579
580,userpass580
581,userpass581
582,userpass582
583,userpass583
584,userpass584
585,userpass585
586,userpass586
587,userpass587
588,userpass588
589,userpass589
590,userpass590
591,userpass591
592,userpass592
593,userpass593
594,userpass594
595,userpass595
596,userpass596
597,userpass597
598,userpass598
599,userpass599
600,userpass600
601,userpass601
602,userpass602
603,userpass603
604,userpass604
605,userpass605
606,userpass606
607,userpass607
608,userpass608
609,userpass609
610,userpass610
611,userpass611
612,userpass612
613,userpass613
614,userpass614
615,userpass615
616,userpass616
617,userpass617
618,userpass618
619,userpass619
620,userpass620
621,userpass621
622,userpass622
623,userpass623
624,userpass624
625,userpass625
626,userpass626
627,userpass627
628,userpass628
629,userpass629
630,userpass630
631,userpass631
632,userpass632
633,userpass633
634,userpass634
635,userpass635
636,userpass636
637,userpass637
